[
    {
      "heading": "Buddie Deal: India's Favourite Marketplace",
      "content": "Discover the best deals on a variety of products at Buddie Deals."
    },
    {
      "heading": "Brand Store",
      "content": "Shop from a wide range of authentic brands at Buddie Deals."
    },
    {
      "heading": "No Cost EMI",
      "content": "Enjoy flexible payment options with no cost EMI."
    },
    {
      "heading": "EMI on Debit Cards",
      "content": "Now available on select debit cards for easier shopping."
    },
    {
      "heading": "Buddie Pay",
      "content": "Simplify your payments with Buddie Pay for a hassle-free experience."
    },
    {
      "heading": "What You Can Buy from Buddie Deals",
      "content": ""
    },
    {
      "heading": "Mobile Phones",
      "content": "Mobile Phones"
    },
    {
      "heading": "Electronic Devices and Accessories",
      "content": "Electronic Devices and Accessories"
    },
    {
      "heading": "Large Appliances",
      "content": "Large Appliances"
    },
    {
      "heading": "Small Home Appliances",
      "content": "Small Home Appliances"
    },
    {
      "heading": "Lifestyle",
      "content": "Lifestyle"
    },
    {
      "heading": "Home Furniture",
      "content": "Home Furniture"
    },
    {
      "heading": "Baby and Kids",
      "content": "Baby and Kids"
    },
    {
      "heading": "Service Buddie",
      "content": "Service Buddie"
    }
  ]
  